id,Name,Age
1,Ethan Long,34
2,Natalie Scott,29
3,Russell Gray,37
4,Brandi Vega,37
5,Tammy Gray,39
6,Sherry Bernard,48
7,Matthew Hall,32
8,Brianna Oconnor,57
9,Joshua Mclean,57
10,Stephen Knight,49
11,Karen Cole,20
12,Steven Torres,51
13,Andre Jimenez,62
14,Brittany Ferguson,42
15,Maria Martin,43
16,Shawn Burch,38
17,Pamela Mathis,27
18,Johnny Hernandez,41
19,Linda Arnold,19
20,Elizabeth Harris,34
21,Tiffany Farmer,24
22,Emma Ryan,23
23,Nicole Mcdonald,34
24,Richard Weaver,37
25,Andrew Houston,68
26,Danielle Rivera,47
27,Kenneth Bowen,63
28,Mary Walker,43
29,Travis Cooper,44
30,Michael Roberson,59
31,Sara Ross,52
32,Bianca Lara,48
33,Jennifer Fleming,60
34,Jennifer Walker,32
35,Brian Smith,48
36,Ana Pratt,44
37,Erin Hicks,20
38,Herbert James,59
39,Kimberly Meyers,48
40,Steven Gardner,36
41,Kimberly Williams,26
42,Phillip Rodriguez,49
43,Adam Hunt II,50
44,Amber Ortiz,36
45,Peter Kelly,48
46,Jeffrey Armstrong,68
47,Catherine Morris,36
48,Donald Blair,64
49,Joshua Garrett,49
50,Pamela Smith,29
51,Anthony Gould,49
52,Andrew Green,40
53,Adam Arroyo,27
54,Kevin Wilson,42
55,Michael Hall Jr.,43
56,Michelle Morris,54
57,Karen Barton,24
58,Austin Collier,18
59,Carolyn Lane,23
60,Laura Smith,29
61,Kathleen Kelly,38
62,Leonard Santiago,50
63,Richard Washington,56
64,Cathy Randolph,44
65,Leonard Wheeler,39
66,David Oneal,34
67,William Blanchard,41
68,Karina Ruiz,18
69,Samantha Orr,68
70,Devin Crawford,46
71,Tammy Villa,47
72,Laura Duran,53
73,Frank Lewis,34
74,Shelby Barker,38
75,Tonya Vazquez,43
76,Kathleen Padilla,30
77,Erica Todd,58
78,Jacob Lee,46
79,Amanda Jimenez,51
80,Timothy Lee,69
81,Jo Gutierrez,53
82,Erin Myers,38
83,Daniel Walls,58
84,Jasmine Maldonado,68
85,Tracey Avila,49
86,Jennifer Burns,37
87,John Shields,52
88,Christopher Rios,44
89,Michele Thompson,55
90,Rebecca Jacobs,24
91,Kenneth Thompson,36
92,Tabitha Wells,22
93,Michael Perkins,21
94,Nicholas Delacruz,65
95,Stacey Valdez,59
96,Anna Carney,37
97,Shirley Garcia,33
98,Rachel Robinson,46
99,Jason Wilson,59
